,loss,val_loss,lr
0,26790.275390625,6154.9375,0.0010000000474974513
1,19699.06640625,6027.98095703125,0.0010000000474974513
